id,url,title,state,evidence_role
JP-B2W2-KORYAKU-00,https://www.pokemon.co.jp/ex/b2w2/koryaku/,Hidden Grotto / hidden-ability Pokémon,Enumerated-core,Official primary
JP-B2W2-KORYAKU-01,https://www.pokemon.co.jp/ex/b2w2/koryaku/koryaku01.html,Lost Xtransceiver / Yancy-Curtis hidden-ability trades,Enumerated-core,Official primary
JP-B2W2-KORYAKU-02,https://www.pokemon.co.jp/ex/b2w2/koryaku/koryaku02.html,Move tutors and battle expansion,Enumerated-core,Official primary
JP-B2W2-KORYAKU-03,https://www.pokemon.co.jp/ex/b2w2/koryaku/koryaku03.html,Join Avenue development and Pokémon training,Enumerated-core,Official primary
JP-B2W2-KORYAKU-04,https://www.pokemon.co.jp/ex/b2w2/koryaku/koryaku04.html,Communication with overseas versions / Unity Tower,Enumerated-core,Official primary
JP-B2W2-KORYAKU-05,https://www.pokemon.co.jp/ex/b2w2/koryaku/koryaku05.html,Powered-up Pokémon League,Enumerated-core,Official primary
JP-B2W2-KORYAKU-06,https://www.pokemon.co.jp/ex/b2w2/koryaku/koryaku06.html,Abyssal Ruins mystery,Enumerated-core,Official primary
JP-B2W2-KORYAKU-07,https://www.pokemon.co.jp/ex/b2w2/koryaku/koryaku07.html,National Pokédex completion,Enumerated-core,Official primary
JP-B2W2-KORYAKU-08,https://www.pokemon.co.jp/ex/b2w2/koryaku/koryaku08.html,Strong postgame trainers across Unova,Enumerated-core,Official primary
